{
  "hw": "h200",
  "conc": 64,
  "image": "vllm/vllm-openai:v0.13.0",
  "model": "openai/gpt-oss-120b",
  "infmax_model_prefix": "gptoss",
  "framework": "vllm",
  "precision": "fp4",
  "spec_decoding": "false",
  "disagg": false,
  "isl": 1024,
  "osl": 1024,
  "is_multinode": false,
  "tp": 8,
  "ep": 1,
  "dp_attention": "false",
  "tput_per_gpu": 2304.1956972991406,
  "output_tput_per_gpu": 1152.0978486495703,
  "input_tput_per_gpu": 1152.0978486495703,
  "mean_ttft": 0.3335866285890621,
  "median_ttft": 0.33067503149993627,
  "std_ttft": 0.13474309092829706,
  "p99_ttft": 0.7047481323298734,
  "mean_tpot": 0.00662102150155639,
  "mean_intvty": 151.0340964403955,
  "median_tpot": 0.0066129112052785415,
  "median_intvty": 151.2193297260339,
  "std_tpot": 0.0001295990850038516,
  "std_intvty": 7716.103859608889,
  "p99_tpot": 0.006897321920645206,
  "p99_intvty": 144.98380842668504,
  "mean_itl": 0.006621668901661325,
  "median_itl": 0.006316953000009562,
  "std_itl": 0.004589908963646034,
  "p99_itl": 0.008592544899897789,
  "mean_e2el": 7.106891624681248,
  "median_e2el": 7.087594875500031,
  "std_e2el": 0.07597534221697777,
  "p99_e2el": 7.35883807817994
}